"","hs_lang"
"1","English"
"2","English"
"5","Pohnpeian"
"7","Pohnpeian"
"8","English"
"9","English"
"10","English"
"11","Pohnpeian"
"12","Pohnpeian"
"15","English"
"16","Pohnpeian"
"17","Pohnpeian"
"18","English"
"19","English"
"20","English"
"21","Pohnpeian"
"23","Pohnpeian"
"24","English"
"25","Pohnpeian"
"27","Pohnpeian"
"28","English"
"29","English"
"30","English"
"34","English"
"35","Pohnpeian"
"36","English"
"37","Pohnpeian"
"39","Pohnpeian"
"40","Pohnpeian"
"41","English"
"42","English"
"43","Pohnpeian"
"44","Japanese"
"48","Pohnpeian"
"50","English"
"51","English"
"57","Pohnpeian"
"58","English"
"59","English"
"62","English"
"65","English"
"67","Pohnpeian"
"68","Pohnpeian"
"69","English"
"70","English"
"71","English"
"75","English"
"78","Pohnpeian"
"79","English"
"80","English"
"81","English"
"83","English"
"85","Pohnpeian"
"86","English"
"87","Pohnpeian"
"88","English"
"89","Pohnpeian"
"90","Pohnpeian"
"91","English"
"92","Pohnpeian"
"93","English"
"94","English"
"96","English"
"97","Pohnpeian"
"98","English"
"99","English"
"100","English"
"101","English"
"103","English"
"104","English"
"105","Pohnpeian"
"106","English"
"108","English"
"109","English"
"111","English"
"112","Pohnpeian"
"113","Pohnpeian"
"115","English"
"116","English"
"117","English"
"118","English"
"119","English"
"120","Pohnpeian"
"122","English"
"123","English"
"124","English"
"125","English"
"126","English"
"127","English"
"128","English"
"129","Pohnpeian"
"130","English"
"131","English"
"132","English"
"133","English"
"134","English"
"135","English"
"136","Pohnpeian"
"137","English"
"138","English"
"139","English"
"140","English"
"141","Pohnpeian"
"142","Pohnpeian"
"143","Pohnpeian"
"148","English"
"153","Pohnpeian"
"154","Pohnpeian"
"155","Pohnpeian"
"156","Pohnpeian"
"157","Pohnpeian"
"158","Pohnpeian"
"159","Pohnpeian"
"161","Yapese"
"162","English"
"163","English"
"164","English"
"165","English"
"166","English"
"167","English"
"168","Pohnpeian"
"169","English"
"170","English"
"171","English"
"172","English"
"173","English"
"174","English"
"175","English"
"176","English"
"177","English"
"178","English"
"179","English"
"180","English"
"181","English"
"182","Pohnpeian"
"183","English"
"184","English"
"185","Finnish"
"186","English"
"187","English"
"188","English"
"189","Pohnpeian"
"190","English"
"191","English"
"192","English"
"193","English"
"194","English"
"195","English"
"196","English"
"197","English"
"198","English"
"199","English"
"200","English"
"201","English"
"202","English"
"203","English"
"204","English"
"205","English"
"206","English"
"207","Pohnpeian"
"208","English"
"209","English"
"210","English"
"212","English"
"213","English"
"214","Pohnpeian"
"215","English"
"216","English"
"217","English"
"218","English"
"219","English"
"220","English"
"221","English"
"222","English"
"223","Chuukese"
"224","English"
"225","Pohnpeian"
"226","English"
"227","English"
"228","English"
"229","English"
"230","Pohnpeian"
"231","Pohnpeian"
"232","English"
"233","English"
"234","Pohnpeian"
"235","English"
"236","English"
"237","Pohnpeian"
"238","English"
"239","English"
"240","English"
"241","Ulithian"
"242","English"
"243","English"
"244","English"
"245","Pohnpeian"
"246","English"
"247","English"
"248","English"
"249","English"
"250","English"
"251","English"
"252","English"
"253","English"
"254","English"
"255","English"
"256","English"
"257","English"
"258","English"
"259","English"
"261","English"
"262","English"
"263","Pohnpeian"
"264","English"
"265","English"
"266","English"
"267","Pohnpeian"
"268","English"
"269","Pohnpeian"
"270","Urdu"
"271","English"
"272","English"
"273","English"
"275","English"
"276","English"
"277","Pohnpeian"
"278","English"
"279","English"
"280","English"
"281","Pohnpeian"
"282","English"
"283","English"
"284","Kosraean"
"285","Pohnpeian"
"286","English"
"287","English"
"288","English"
"289","Pohnpeian"
"290","English"
"291","English"
"292","English"
"293","English"
"294","English"
"295","English"
"296","English"
"297","English"
"298","English"
"299","English"
"300","Pohnpeian"
"301","English"
"302","Pohnpeian"
"306","English"
"308","English"
"312","English"
"313","English"
"318","English"
"320","Pohnpeian"
"324","English"
"328","English"
"336","English"
"338","English"
"340","English"
"341","English"
"344","English"
"345","English"
"349","English"
"358","English"
"368","English"
"369","English"
"379","English"
"386","English"
"388","English"
"391","English"
"393","English"
"398","English"
"404","Japanese"
"406","English"
"413","English"
"414","English"
"420","Pohnpeian"
"421","English"
"423","Pohnpeian"
"430","English"
"435","Pohnpeian"
"439","Pohnpeian"
"440","Pohnpeian"
"442","English"
"443","English"
"444","English"
"454","English"
"455","English"
"456","English"
"457","English"
"458","Japanese"
"459","English"
"460","English"
"466","Tagalog"
"469","English"
"470","Tagalog"
"483","English"
"487","French"
"488","Chuukese"
"489","Pohnpeian"
"490","English"
"500","Pohnpeian"
"503","Spanish"
"505","Pohnpeian"
"508","English"
"511","Pohnpeian"
"515","English"
"516","Pohnpeian"
"517","Kosraean"
"518","Pohnpeian"
"523","Pohnpeian"
"524","English"
"531","English"
"532","English"
"533","Samoan"
"534","Kosraean"
"537","Pohnpeian"
"538","English"
"542","English"
"546","English"
"547","Yapese"
"549","Kosraean"
"551","Chuukese"
"558","Pohnpeian"
"560","Japanese"
"564","English"
"566","Tagalog"
"570","English"
"571","English"
"577","Pohnpeian"
"580","Pohnpeian"
"583","Pohnpeian"
"585","English"
"586","English"
"594","Pohnpeian"
"595","Pohnpeian"
"601","English"
"603","Japanese"
"692","Japanese"
"859","Japanese"
