"","work_lang"
"1","Pohnpeian"
"2","English"
"3","Pohnpeian"
"5","Pohnpeian"
"7","Pohnpeian"
"8","English"
"9","Pohnpeian"
"10","Pohnpeian"
"11","Pohnpeian"
"12","Pohnpeian"
"13","Pohnpeian"
"14","Pohnpeian"
"15","Pohnpeian"
"16","Pohnpeian"
"17","Pohnpeian"
"19","Pohnpeian"
"20","Pohnpeian"
"21","Pohnpeian"
"22","Pohnpeian"
"24","Pohnpeian"
"25","Pohnpeian"
"26","Pohnpeian"
"28","Pohnpeian"
"29","Pohnpeian"
"30","Pohnpeian"
"31","Pohnpeian"
"32","Pohnpeian"
"33","Pohnpeian"
"34","Pohnpeian"
"35","Pohnpeian"
"36","Pohnpeian"
"38","Pohnpeian"
"39","Pohnpeian"
"41","Pohnpeian"
"42","Pohnpeian"
"43","Pohnpeian"
"44","Pohnpeian"
"45","Pohnpeian"
"46","Pohnpeian"
"47","Pohnpeian"
"48","Pohnpeian"
"49","Pohnpeian"
"50","English"
"51","Pohnpeian"
"52","Pohnpeian"
"53","Pohnpeian"
"54","Pohnpeian"
"55","Pohnpeian"
"56","Pohnpeian"
"57","Pohnpeian"
"58","English"
"59","English"
"60","Mortlockese"
"61","English"
"62","Pohnpeian"
"63","Pohnpeian"
"64","Pohnpeian"
"65","Pohnpeian"
"66","Pohnpeian"
"67","Pohnpeian"
"68","Pohnpeian"
"69","Pohnpeian"
"70","Pohnpeian"
"71","Pohnpeian"
"72","Pohnpeian"
"73","Pohnpeian"
"75","Pohnpeian"
"76","Pohnpeian"
"77","Pohnpeian"
"79","Pohnpeian"
"80","English"
"81","English"
"82","Pohnpeian"
"83","Pohnpeian"
"84","Pohnpeian"
"85","Pohnpeian"
"86","English"
"87","Pohnpeian"
"88","Pohnpeian"
"89","Pohnpeian"
"90","Pohnpeian"
"91","English"
"92","Pohnpeian"
"93","Pohnpeian"
"94","Pohnpeian"
"95","Pohnpeian"
"96","Pohnpeian"
"98","Pohnpeian"
"101","Pohnpeian"
"104","Pohnpeian"
"105","Pohnpeian"
"106","Pohnpeian"
"107","Pohnpeian"
"108","Pohnpeian"
"109","Pohnpeian"
"110","Pohnpeian"
"111","Pohnpeian"
"112","English"
"113","Pohnpeian"
"114","Pohnpeian"
"116","English"
"117","Pohnpeian"
"118","Pohnpeian"
"119","Pohnpeian"
"120","Pohnpeian"
"122","Pohnpeian"
"123","Pohnpeian"
"124","English"
"125","Pohnpeian"
"126","Pohnpeian"
"127","Pohnpeian"
"128","Pohnpeian"
"130","Pohnpeian"
"133","Pohnpeian"
"135","English"
"136","English"
"137","Pohnpeian"
"138","Pohnpeian"
"139","Pohnpeian"
"140","English"
"141","Pohnpeian"
"142","Pohnpeian"
"143","Pohnpeian"
"144","Pohnpeian"
"145","Pohnpeian"
"146","Pohnpeian"
"147","Pohnpeian"
"148","English"
"149","Pohnpeian"
"150","Pohnpeian"
"151","Pohnpeian"
"152","Pohnpeian"
"153","Pohnpeian"
"154","Pohnpeian"
"155","Pohnpeian"
"156","Pohnpeian"
"157","Pohnpeian"
"158","Pohnpeian"
"159","Pohnpeian"
"160","Pohnpeian"
"161","Pohnpeian"
"162","English"
"163","English"
"164","English"
"165","English"
"166","Pohnpeian"
"167","English"
"168","English"
"169","Tagalog"
"170","English"
"171","Pohnpeian"
"172","English"
"173","English"
"174","Pohnpeian"
"175","English"
"176","English"
"177","English"
"178","English"
"180","English"
"181","English"
"182","Pohnpeian"
"183","English"
"184","English"
"185","English"
"186","English"
"187","English"
"188","Pohnpeian"
"189","Pohnpeian"
"190","English"
"191","English"
"192","English"
"193","English"
"194","Pohnpeian"
"195","Pohnpeian"
"196","English"
"197","English"
"198","English"
"199","English"
"200","English"
"201","Pohnpeian"
"202","Pohnpeian"
"204","English"
"205","Pohnpeian"
"206","English"
"207","Pohnpeian"
"208","English"
"209","English"
"210","English"
"212","English"
"213","English"
"214","Pohnpeian"
"215","English"
"216","Kosraean"
"217","English"
"218","English"
"219","English"
"220","English"
"221","English"
"222","English"
"223","English"
"226","English"
"229","English"
"230","Pohnpeian"
"231","Pohnpeian"
"232","English"
"234","Pohnpeian"
"235","English"
"236","English"
"238","Pohnpeian"
"240","English"
"241","English"
"242","English"
"243","Pohnpeian"
"244","English"
"245","English"
"247","Kosraean"
"248","Pohnpeian"
"249","English"
"250","English"
"253","English"
"254","Kosraean"
"255","English"
"256","English"
"257","English"
"259","English"
"260","Pohnpeian"
"261","Pohnpeian"
"262","English"
"263","Pohnpeian"
"264","Pohnpeian"
"265","English"
"267","English"
"268","English"
"270","English"
"272","English"
"273","English"
"276","English"
"277","Pohnpeian"
"278","Pohnpeian"
"279","Pohnpeian"
"280","Pohnpeian"
"282","English"
"284","English"
"285","Pohnpeian"
"286","English"
"287","Pohnpeian"
"288","Pohnpeian"
"289","English"
"291","English"
"292","Pohnpeian"
"294","English"
"295","Pohnpeian"
"296","English"
"297","English"
"299","Pohnpeian"
"300","English"
"301","English"
"302","English"
"304","English"
"308","English"
"311","English"
"312","English"
"313","English"
"314","English"
"321","English"
"325","English"
"329","English"
"331","English"
"336","English"
"337","English"
"344","English"
"348","English"
"349","Pingelapese"
"350","English"
"352","English"
"355","English"
"357","English"
"358","English"
"360","Pohnpeian"
"362","Pohnpeian"
"363","English"
"364","English"
"368","English"
"369","English"
"370","Meing"
"371","English"
"373","English"
"376","English"
"380","English"
"389","English"
"394","English"
"395","Ngatikese"
"396","English"
"399","English"
"405","English"
"406","English"
"407","English"
"409","English"
"412","English"
"414","English"
"420","English"
"421","English"
"423","English"
"424","English"
"428","English"
"429","English"
"434","English"
"438","English"
"439","English"
"444","English"
"449","Pohnpeian"
"460","English"
"462","English"
"467","English"
"470","English"
"472","English"
"474","Pohnpeian"
"477","Pohnpeian"
"478","Pohnpeian"
"479","Pohnpeian"
"482","Pohnpeian"
"483","English"
"485","Pohnpeian"
"490","English"
"492","Pohnpeian"
"496","English"
"499","Pohnpeian"
"502","English"
"503","English"
"506","English"
"507","Pohnpeian"
"508","English"
"510","Pohnpeian"
"511","Pohnpeian"
"513","Pohnpeian"
"516","Pohnpeian"
"517","English"
"518","Pohnpeian"
"520","Pohnpeian"
"527","Fijian"
"531","English"
"537","Pohnpeian"
"543","Pohnpeian"
"544","English"
"545","Pohnpeian"
"546","Pohnpeian"
"549","Kosraean"
"550","Pohnpeian"
"554","Pohnpeian"
"555","Pohnpeian"
"558","Pohnpeian"
"560","Kosraean"
"562","English"
"563","Pohnpeian"
"564","English"
"565","English"
"568","Pohnpeian"
"574","Pohnpeian"
"577","Pohnpeian"
"578","English"
"579","English"
"583","Pohnpeian"
"586","English"
"590","Pohnpeian"
"593","English"
"595","Pohnpeian"
"596","English"
"597","Japanese"
"601","Pohnpeian"
"650","Mwokilese"
"793","Chuukese"
"838","Chuukese"
"850","English"
"897","Kosraean"
"951","English"
"1252","Chuukese"
